product_id,resource_id,resource_description,priority,multihash,hash_source_type,resource_urls,content_type
PROD-01F4MK45QJS4WZ1VBZW1A1THD7,Card,Low Resolution Card,0,QmZEKqVWGEMkHC1874YSn9XbH2eQTTBp4VeqmA96NXeHYU,ipfs,"{https://api.rektangularstudios.com/static/i1brch9esdw3/resource/card_low.jpg,ipfs://QmZEKqVWGEMkHC1874YSn9XbH2eQTTBp4VeqmA96NXeHYU,sia://PAFMGeI8LnPf4a59iC_5Zpmbjmp-dxG0lNd2MDLpLqHUsA}",image/jpeg
PROD-01F4MK45QJS4WZ1VBZW1A1THD7,Card,High Resolution Card,1,QmXKZjDykyEaPvhXtwoVyNrde14nv1xvcLbuQBSsVQEAwX,ipfs,"{https://api.rektangularstudios.com/static/i1brch9esdw3/resource/card.png,ipfs://QmXKZjDykyEaPvhXtwoVyNrde14nv1xvcLbuQBSsVQEAwX,sia://AAAnhnDBiBcaDSWVWrsgr-Ndn0ZFWRCyMo-SLrGkhuhPJQ}",image/png
PROD-01F4MK45QJS4WZ1VBZW1A1THD7,Artwork,Low Resolution Artwork,0,QmTEJV4w6VWfJzUd5sTfHvPsusd96YdV7P5sp1WR1T4JCe,ipfs,"{https://api.rektangularstudios.com/static/i1brch9esdw3/resource/artwork_low.jpg,ipfs://QmTEJV4w6VWfJzUd5sTfHvPsusd96YdV7P5sp1WR1T4JCe,sia://nABS5UcQ1k3oGfdhPJwWrDMg8FcZGoRwlM4yWxp9g2n1Tg}",image/jpeg
PROD-01F4MK45QJS4WZ1VBZW1A1THD7,Artwork,High Resolution Artwork,1,QmXRRJ2mzHMPYYK6es5fwEpeCJs5CEUpLW9TCUB4zQ2NWe,ipfs,"{https://api.rektangularstudios.com/static/i1brch9esdw3/resource/artwork.png,ipfs://QmXRRJ2mzHMPYYK6es5fwEpeCJs5CEUpLW9TCUB4zQ2NWe,sia://AAACH2zjl5oOn32HPmU0oD2OgW9shMqM5yubC7D3e554ZA}",image/png
PROD-01F4MK45QJS4WZ1VBZW1A1THD7,Video,Video of artwork creation process,0,QmbKiiNrXyiF98JUzYXvpv3B9q1igbSTtmzS9h4xgQSd7e,ipfs,"{https://api.rektangularstudios.com/static/i1brch9esdw3/resource/video.mp4,ipfs://QmbKiiNrXyiF98JUzYXvpv3B9q1igbSTtmzS9h4xgQSd7e,sia://AACelBf3Z8-trecpMo3ykOTHYXOH1YDgL-iZu2ahcB8lXQ}",video/mp4
PROD-01F4MK45QJS4WZ1VBZW1A1THD7,OccultaNovelliaCharacter,Occulta Novellia collectible character information such as stats and moves,0,QmUqyQXXPQWLCiu3tz1wpRy21WX36KarNDUidb7zQmWfSj,ipfs,"{https://api.rektangularstudios.com/static/i1brch9esdw3/resource/character.json,ipfs://QmUqyQXXPQWLCiu3tz1wpRy21WX36KarNDUidb7zQmWfSj,sia://AADRY1wFKVFoHw0PgbKEhpc1i3m0aO9AlOpMDQKN960Kmg}",application/json
PROD-01F4MK4NTCXGVA35CAD7TCHEM8,Card,Low Resolution Card,0,QmaFmqvK5MLE9FptS2C124Y4griT3WK3cf5m6gC958TGzX,ipfs,"{https://api.rektangularstudios.com/static/xysn45hd2nlz/resource/card_low.jpg,ipfs://QmaFmqvK5MLE9FptS2C124Y4griT3WK3cf5m6gC958TGzX,sia://PAHNG-zl4o7u9hEmGx2M8NEiARzjaxcOwZ8eVEvELm8hgQ}",image/jpeg
PROD-01F4MK4NTCXGVA35CAD7TCHEM8,Card,High Resolution Card,1,QmaHMKxBuiTYga6Crpbby1wHVpqj7P6mpu795QFAjyRk3G,ipfs,"{https://api.rektangularstudios.com/static/xysn45hd2nlz/resource/card.png,ipfs://QmaHMKxBuiTYga6Crpbby1wHVpqj7P6mpu795QFAjyRk3G,sia://AADtt_X_4wPUxJXY--YUbceoVFowFjwBIF0mIM-UVMb_Hg}",image/png
PROD-01F4MK4NTCXGVA35CAD7TCHEM8,Artwork,Low Resolution Artwork,0,QmTGgJqyNR7XB1A9J3C4ZtuAUw7vKmxQkZrHQb1QQpKo2P,ipfs,"{https://api.rektangularstudios.com/static/xysn45hd2nlz/resource/artwork_low.jpg,ipfs://QmTGgJqyNR7XB1A9J3C4ZtuAUw7vKmxQkZrHQb1QQpKo2P,sia://nACxIQkjaFuJFrIPRG8D0xvpd8lIiwFCi9GPGxGk0DWI2A}",image/jpeg
PROD-01F4MK4NTCXGVA35CAD7TCHEM8,Artwork,High Resolution Artwork,1,QmSs1bGyS5ZjN6L8H5vbe1QsrUacQa97KYPMxFXY9HxSnj,ipfs,"{https://api.rektangularstudios.com/static/xysn45hd2nlz/resource/artwork.png,ipfs://QmSs1bGyS5ZjN6L8H5vbe1QsrUacQa97KYPMxFXY9HxSnj,sia://AACQpOCSLc2vgb0jm8PMf0OgUvR-rezGayTMKVgHO3nV9Q}",image/png
PROD-01F4MK4NTCXGVA35CAD7TCHEM8,Video,Video of artwork creation process,0,QmNhA9PvqBYU3MncGDbPeuDyrReDPKCVjMSsPXWqJJR7Gv,ipfs,"{https://api.rektangularstudios.com/static/xysn45hd2nlz/resource/video.mp4,ipfs://QmNhA9PvqBYU3MncGDbPeuDyrReDPKCVjMSsPXWqJJR7Gv,sia://AAAdPIiD5ZDq8mSQjI7xj4x0mA8Levu5n8sGCzgqo4TGiA}",video/mp4
PROD-01F4MK4NTCXGVA35CAD7TCHEM8,OccultaNovelliaCharacter,Occulta Novellia collectible character information such as stats and moves,0,QmXnZVzo5su59X9dcoTYCyD4SpiV6uWbxaJbZJwvsSK5dF,ipfs,"{https://api.rektangularstudios.com/static/xysn45hd2nlz/resource/character.json,ipfs://QmXnZVzo5su59X9dcoTYCyD4SpiV6uWbxaJbZJwvsSK5dF,sia://AABzJOJjsiogy16ecitSKgEemphvFJ5wPgFgscgis29mmA}",application/json
PROD-01F4MK4P5SMNGKBF5B7AKN35YD,Card,Low Resolution Card,0,QmTUkcUb2EHSw7Ptd52zeuKwgf8G4iVMczXJdMz8XN3dzd,ipfs,"{https://api.rektangularstudios.com/static/r0tngydjh7x0/resource/card_low.jpg,ipfs://QmTUkcUb2EHSw7Ptd52zeuKwgf8G4iVMczXJdMz8XN3dzd,sia://vAEZa3CubnveZw_R4WzM4K57w5h0qbOTWMKxEWX_2F5BKw}",image/jpeg
PROD-01F4MK4P5SMNGKBF5B7AKN35YD,Card,High Resolution Card,1,QmX6aVcn3fZzp9ZvjRbdyJC8tb3sJnE9mwngVkL2drYZZK,ipfs,"{https://api.rektangularstudios.com/static/r0tngydjh7x0/resource/card.png,ipfs://QmX6aVcn3fZzp9ZvjRbdyJC8tb3sJnE9mwngVkL2drYZZK,sia://AAATnuweNhjbpiuF9yzaRVvv8--x_aPTN9cqVNU_uyre5Q}",image/png
PROD-01F4MK4P5SMNGKBF5B7AKN35YD,Artwork,Low Resolution Artwork,0,QmUnc1x7q1bTHbtxErfiT9XoTBn5E9HVD9G9uSGCJwVLtw,ipfs,"{https://api.rektangularstudios.com/static/r0tngydjh7x0/resource/artwork_low.jpg,ipfs://QmUnc1x7q1bTHbtxErfiT9XoTBn5E9HVD9G9uSGCJwVLtw,sia://jAC9yNPcFQZrQ5zA0Y23Hw2mMFORFprC_I9dBdqEh3iHeQ}",image/jpeg
PROD-01F4MK4P5SMNGKBF5B7AKN35YD,Artwork,High Resolution Artwork,1,QmRj1ZbjGypnRbMABdfsFJtarphPa1Ufmffs7xxcFGFNJC,ipfs,"{https://api.rektangularstudios.com/static/r0tngydjh7x0/resource/artwork.png,ipfs://QmRj1ZbjGypnRbMABdfsFJtarphPa1Ufmffs7xxcFGFNJC,sia://AABuQqiC14Y4IhJD7n6itRLCMA5LftXm9Ig4k39QuCwqpw}",image/png
PROD-01F4MK4P5SMNGKBF5B7AKN35YD,OccultaNovelliaCharacter,Occulta Novellia collectible character information such as stats and moves,0,QmeS2VjEXiwiqtQZnkxJgW2ee7QzzLCkQcJJUDK177WbAf,ipfs,"{https://api.rektangularstudios.com/static/r0tngydjh7x0/resource/character.json,ipfs://QmeS2VjEXiwiqtQZnkxJgW2ee7QzzLCkQcJJUDK177WbAf,sia://AACoi1kVmBJh7nPhYcFYEu8VHpVQLop69c5nEJmg-gmx2A}",application/json
PROD-01F4MK4PF52A72Y7P77TEPA2CW,Card,Low Resolution Card,0,QmeMY3Ww6i2P7pLn3rrK1NBHgMU9erHLsrKVFFbHszSobY,ipfs,"{https://api.rektangularstudios.com/static/76hfuusik5of/resource/card_low.jpg,ipfs://QmeMY3Ww6i2P7pLn3rrK1NBHgMU9erHLsrKVFFbHszSobY,sia://vAHzLwtAfVfp8tIX0NlHKE4BpxxRVtY5qfL52fJ9ABX9VQ}",image/jpeg
PROD-01F4MK4PF52A72Y7P77TEPA2CW,Card,High Resolution Card,1,QmfN7k8HeY6fsd4J6Yy3cYFJGBBerjiTafrvMU1uMZH5mc,ipfs,"{https://api.rektangularstudios.com/static/76hfuusik5of/resource/card.png,ipfs://QmfN7k8HeY6fsd4J6Yy3cYFJGBBerjiTafrvMU1uMZH5mc,sia://AADUq4GmD8mJ8gkQV3x5FlfcsiMQfhDwrgxVnqiGYcSfiQ}",image/png
PROD-01F4MK4PF52A72Y7P77TEPA2CW,Artwork,Low Resolution Artwork,0,QmQWigBSNg9ZWBxRuhpPooNo5fECKLF75buUfmL8mtZHgx,ipfs,"{https://api.rektangularstudios.com/static/76hfuusik5of/resource/artwork_low.jpg,ipfs://QmQWigBSNg9ZWBxRuhpPooNo5fECKLF75buUfmL8mtZHgx,sia://3AE66Lrf3y6_gUbrbk-tpK5a_awdCsIwdLXZ27vMNqGuIQ}",image/jpeg
PROD-01F4MK4PF52A72Y7P77TEPA2CW,Artwork,High Resolution Artwork,1,QmS5rBGz7fkVDmQJEKuCYppmYJCvhrTyHFpQeXQYD1B3qw,ipfs,"{https://api.rektangularstudios.com/static/76hfuusik5of/resource/artwork.png,ipfs://QmS5rBGz7fkVDmQJEKuCYppmYJCvhrTyHFpQeXQYD1B3qw,sia://AAA2qJG_T_1ICq6ecrkSgrJRO8pzcGh6lRxdovq_gvitBA}",image/png
PROD-01F4MK4PF52A72Y7P77TEPA2CW,Video,Video of artwork creation process,0,QmZg8pfGzc95HJEeQaMM89qmxTXz7UXym8xNK7QmWcxp8z,ipfs,"{https://api.rektangularstudios.com/static/76hfuusik5of/resource/video.mp4,ipfs://QmZg8pfGzc95HJEeQaMM89qmxTXz7UXym8xNK7QmWcxp8z,sia://AACuYCVZ3RDB6FCySxjB570ZhfaS0ctKYyVgGKq9XrgMSA}",video/mp4
PROD-01F4MK4PF52A72Y7P77TEPA2CW,OccultaNovelliaCharacter,Occulta Novellia collectible character information such as stats and moves,0,QmafCzQpY7zJGfHxkBjaCpBrmN8r8JX46YpA1ZLmq19EKb,ipfs,"{https://api.rektangularstudios.com/static/76hfuusik5of/resource/character.json,ipfs://QmafCzQpY7zJGfHxkBjaCpBrmN8r8JX46YpA1ZLmq19EKb,sia://AAD8mVEHe4ZLIRMiYr2e0K7KMz4YRB05gwv_o9vdBrZkrg}",application/json
PROD-01F4MK4PRD20D3Z95T84ZYA0SX,Card,Low Resolution Card,0,QmYkwP2f4RRUDyUVR9s8u8iiYiEsb2myNZMvNLqdY4nDHf,ipfs,"{https://api.rektangularstudios.com/static/ffoxfe1dq4yu/resource/card_low.jpg,ipfs://QmYkwP2f4RRUDyUVR9s8u8iiYiEsb2myNZMvNLqdY4nDHf,sia://vABN7pI1yYnqj0xSsbXaHuctE7p7SbOZG6ElOqeH_QEvaQ}",image/jpeg
PROD-01F4MK4PRD20D3Z95T84ZYA0SX,Card,High Resolution Card,1,QmNwjhjXGpphJ7JEVPs1SAfBjjDoW1d6rmrAuidnhay4hC,ipfs,"{https://api.rektangularstudios.com/static/ffoxfe1dq4yu/resource/card.png,ipfs://QmNwjhjXGpphJ7JEVPs1SAfBjjDoW1d6rmrAuidnhay4hC,sia://AACPDup7qeLxE9oMHYq4mFsEOYOs23LoZWyrwXJVdKi6ig}",image/png
PROD-01F4MK4PRD20D3Z95T84ZYA0SX,Artwork,Low Resolution Artwork,0,QmdQGXsWFspdoH4qPDeHTifpeMYpUx47tcp6hULiZY3Bsk,ipfs,"{https://api.rektangularstudios.com/static/ffoxfe1dq4yu/resource/artwork_low.jpg,ipfs://QmdQGXsWFspdoH4qPDeHTifpeMYpUx47tcp6hULiZY3Bsk,sia://rAA4BfD1OWRKrzYkxQlzyXoYTYcCzeG0ss75DoYfEGpM4A}",image/jpeg
PROD-01F4MK4PRD20D3Z95T84ZYA0SX,Artwork,High Resolution Artwork,1,QmQiLybmgJHTXq3Fvp7A4b5ATbCrU9n2pHyfB3kJ9ikd9E,ipfs,"{https://api.rektangularstudios.com/static/ffoxfe1dq4yu/resource/artwork.png,ipfs://QmQiLybmgJHTXq3Fvp7A4b5ATbCrU9n2pHyfB3kJ9ikd9E,sia://AACpv00YMgTfJEm5WiFgoFrKhwvRLKoWkyBvi97xxJAG3g}",image/png
PROD-01F4MK4PRD20D3Z95T84ZYA0SX,Video,Video of artwork creation process,0,QmUGhBENQmW6Ewd72U7pD2QHXATaqPx4ThSV1Sg8GzfzMa,ipfs,"{https://api.rektangularstudios.com/static/ffoxfe1dq4yu/resource/video.mp4,ipfs://QmUGhBENQmW6Ewd72U7pD2QHXATaqPx4ThSV1Sg8GzfzMa,sia://AAA4MbzuuukeeHfTTDFCSpZrUotwQ1oLtzMn694sVybe_A}",video/mp4
PROD-01F4MK4PRD20D3Z95T84ZYA0SX,OccultaNovelliaCharacter,Occulta Novellia collectible character information such as stats and moves,0,QmStihozPveCCKXNWhjLiDb1R5qAae1r2LaFD1A3uz8qui,ipfs,"{https://api.rektangularstudios.com/static/ffoxfe1dq4yu/resource/character.json,ipfs://QmStihozPveCCKXNWhjLiDb1R5qAae1r2LaFD1A3uz8qui,sia://AADiGNBy1TXZ4KOd6G3YJ9DAujYIwXeSZLo5jTq8-bACYw}",application/json
PROD-01F4MK4XRGJV2NR9XNQY9GCPGQ,Card,Low Resolution Card,0,QmdHUwSSDXhGaHwY59qdGcco9JrdveiqXpwBep7S7fLgNg,ipfs,"{https://api.rektangularstudios.com/static/gd4nvsptjpjx/resource/card_low.jpg,ipfs://QmdHUwSSDXhGaHwY59qdGcco9JrdveiqXpwBep7S7fLgNg,sia://vAHSEdti9-rtdOPjYeIWT2oD-WL_JwgBIWEVExL5kOmgnQ}",image/jpeg
PROD-01F4MK4XRGJV2NR9XNQY9GCPGQ,Card,High Resolution Card,1,Qmd9a1mGfG6y8bXkR52pmL4N1jeRGXie4ThwVMQrgaTB2t,ipfs,"{https://api.rektangularstudios.com/static/gd4nvsptjpjx/resource/card.png,ipfs://Qmd9a1mGfG6y8bXkR52pmL4N1jeRGXie4ThwVMQrgaTB2t,sia://AADQM7bQMuD3yPCcX-ycR6TQCifVvor9MVmLj0fkL_OXlA}",image/png
PROD-01F4MK4XRGJV2NR9XNQY9GCPGQ,Artwork,Low Resolution Artwork,0,QmPp1bL8gB58j5N79KtUsH39TYNQLc2uehQPLbKfKggcpZ,ipfs,"{https://api.rektangularstudios.com/static/gd4nvsptjpjx/resource/artwork_low.jpg,ipfs://QmPp1bL8gB58j5N79KtUsH39TYNQLc2uehQPLbKfKggcpZ,sia://3ABKYDBMkdx0WA642d_bWPIRfSIBXhH_aujWbcpIjrFaOg}",image/jpeg
PROD-01F4MK4XRGJV2NR9XNQY9GCPGQ,Artwork,High Resolution Artwork,1,QmTrgc21D9VCKdkU5kxFEYQHsGXxSukXfWvUy7UbtS8avQ,ipfs,"{https://api.rektangularstudios.com/static/gd4nvsptjpjx/resource/artwork.png,ipfs://QmTrgc21D9VCKdkU5kxFEYQHsGXxSukXfWvUy7UbtS8avQ,sia://AAD-g84KtK7rjisvLOrSb88COrIc5yyTfyI04olkqPWeTA}",image/png
PROD-01F4MK4XRGJV2NR9XNQY9GCPGQ,OccultaNovelliaCharacter,Occulta Novellia collectible character information such as stats and moves,0,QmUTgYd9uGW6Kh1Y9o2eVjBJNfgaEa85ydtsprS2ruc16s,ipfs,"{https://api.rektangularstudios.com/static/gd4nvsptjpjx/resource/character.json,ipfs://QmUTgYd9uGW6Kh1Y9o2eVjBJNfgaEa85ydtsprS2ruc16s,sia://AAC42O_yF6onVS6B0udTzZFs3Mm8WTsVv2zvOTnjX1MzAw}",application/json
PROD-01F4MK4Y26J6A66YQ1PXH8NXMC,Card,Low Resolution Card,0,Qmf2gK65FgR3YfGwxqaXZrjLWfV6KnmBjKt5CrMm7TvN8U,ipfs,"{https://api.rektangularstudios.com/static/6sfcs6r68jul/resource/card_low.jpg,ipfs://Qmf2gK65FgR3YfGwxqaXZrjLWfV6KnmBjKt5CrMm7TvN8U,sia://PAHBjBfVVMqzHX59PRE5tdmp_KI9VHlDhverHIw25CsHCQ}",image/jpeg
PROD-01F4MK4Y26J6A66YQ1PXH8NXMC,Card,High Resolution Card,1,QmWpvS7rQJh1pKVmgyPNcCyjcaToUZWgij9p5gkNemXnb3,ipfs,"{https://api.rektangularstudios.com/static/6sfcs6r68jul/resource/card.png,ipfs://QmWpvS7rQJh1pKVmgyPNcCyjcaToUZWgij9p5gkNemXnb3,sia://AAB9b9Hg3HZy1a8udSmHE0AUdErdOQ5OKtjda7XxGn-nrQ}",image/png
PROD-01F4MK4Y26J6A66YQ1PXH8NXMC,Artwork,Low Resolution Artwork,0,QmehcF3emKvBCVJyvXYgxQam8C4d5AsyTMfmB5GpAv7iZq,ipfs,"{https://api.rektangularstudios.com/static/6sfcs6r68jul/resource/artwork_low.jpg,ipfs://QmehcF3emKvBCVJyvXYgxQam8C4d5AsyTMfmB5GpAv7iZq,sia://rADYwhupMhfWArDAgKqfmKdulm6oQbCiwidsMx35pMtLnQ}",image/jpeg
PROD-01F4MK4Y26J6A66YQ1PXH8NXMC,Artwork,High Resolution Artwork,1,QmWtjDZEUcFfkhkgRexFW68WdSEZL4rLSAL8emrMtmgy8W,ipfs,"{https://api.rektangularstudios.com/static/6sfcs6r68jul/resource/artwork.png,ipfs://QmWtjDZEUcFfkhkgRexFW68WdSEZL4rLSAL8emrMtmgy8W,sia://AAC2BVKRKW08QEbPskaTN-00CcnRPOM5nrBeawGWzKSo6Q}",image/png
PROD-01F4MK4Y26J6A66YQ1PXH8NXMC,Video,Video of artwork creation process,0,QmaqApmy7y5yYKrWjPyk9VnJMeVLFgtziCndJiLwvLWTLc,ipfs,"{https://api.rektangularstudios.com/static/6sfcs6r68jul/resource/video.mp4,ipfs://QmaqApmy7y5yYKrWjPyk9VnJMeVLFgtziCndJiLwvLWTLc,sia://AAAAbFbusK5GJ7eaBoEwnu1DzEo7Y1GO575wKaH3Jk7unA}",video/mp4
PROD-01F4MK4Y26J6A66YQ1PXH8NXMC,OccultaNovelliaCharacter,Occulta Novellia collectible character information such as stats and moves,0,QmeDv942SkbJCD5CBqtFStJGjLzy1QksqnBH6aoyXVi8xk,ipfs,"{https://api.rektangularstudios.com/static/6sfcs6r68jul/resource/character.json,ipfs://QmeDv942SkbJCD5CBqtFStJGjLzy1QksqnBH6aoyXVi8xk,sia://AACKmJfbzsRzQ5vzr_DOcJEUooc39n2xXWItgwVFHIjRhA}",application/json
PROD-01F4MK4YAR07BTRSQFHDWNXC55,Card,Low Resolution Card,0,QmQ5q7JoWjmtfzCpBWLpN2JCZqrbzmgu8YYWWHcGp3Jbhe,ipfs,"{https://api.rektangularstudios.com/static/b00e5t50blqp/resource/card_low.jpg,ipfs://QmQ5q7JoWjmtfzCpBWLpN2JCZqrbzmgu8YYWWHcGp3Jbhe,sia://PAH4tfaqNSfLgSMGZG-OjkTcQl-4cBORFqXulGL5yUCA8w}",image/jpeg
PROD-01F4MK4YAR07BTRSQFHDWNXC55,Card,High Resolution Card,1,QmY4sNVdD7EsU8ZauddzCoj4QadsokmmgYcrhrMv2E5Kcp,ipfs,"{https://api.rektangularstudios.com/static/b00e5t50blqp/resource/card.png,ipfs://QmY4sNVdD7EsU8ZauddzCoj4QadsokmmgYcrhrMv2E5Kcp,sia://AAC8GMM5ZadyKxoF6h_CJEVVjVXuSN94wvyAV_rkGcR_uA}",image/png
PROD-01F4MK4YAR07BTRSQFHDWNXC55,Artwork,Low Resolution Artwork,0,QmT1sfGF9kUnTNkzsC2j6Anb2WxYS3agqD8cdCFQEpkkfp,ipfs,"{https://api.rektangularstudios.com/static/b00e5t50blqp/resource/artwork_low.jpg,ipfs://QmT1sfGF9kUnTNkzsC2j6Anb2WxYS3agqD8cdCFQEpkkfp,sia://HABf29EdHlxUGUwrjpjlbG6yJHq2XBoW8YxPMbAyHajndw}",image/jpeg
PROD-01F4MK4YAR07BTRSQFHDWNXC55,Artwork,High Resolution Artwork,1,QmUxwmDvJCgyaLQMzeX4SuzgUNFgCYRnC4L7YUMpm9mpsT,ipfs,"{https://api.rektangularstudios.com/static/b00e5t50blqp/resource/artwork.png,ipfs://QmUxwmDvJCgyaLQMzeX4SuzgUNFgCYRnC4L7YUMpm9mpsT,sia://AACIjGCsLu6f-9jeUia09_Mmp_b8JXCX3rE_FrNejZVypw}",image/png
PROD-01F4MK4YAR07BTRSQFHDWNXC55,Video,Video of artwork creation process,0,QmUGCHvBUV8FP5YYaUEAJhhR8ikgsGDb9zJzkYhEysvqbQ,ipfs,"{https://api.rektangularstudios.com/static/b00e5t50blqp/resource/video.mp4,ipfs://QmUGCHvBUV8FP5YYaUEAJhhR8ikgsGDb9zJzkYhEysvqbQ,https://siasky.net/AADJLzH9vKDX12VEl1K0P6UCggL-M9IgeJcZukGxlDxqGA}",video/mp4
PROD-01F4MK4YAR07BTRSQFHDWNXC55,OccultaNovelliaCharacter,Occulta Novellia collectible character information such as stats and moves,0,QmSz8jDiPHF5RJbvXMfDGb8ZXZMYtwCUNys7YpoYACHbqz,ipfs,"{https://api.rektangularstudios.com/static/b00e5t50blqp/resource/character.json,ipfs://QmSz8jDiPHF5RJbvXMfDGb8ZXZMYtwCUNys7YpoYACHbqz,https://siasky.net/AAB9zqxpf_Aldncf4wDFMrKTytmTcEeBbqex3UFOkCgUtg}",application/json
PROD-01F4MK4YKAJ0REHHDY63TTTEWM,Card,Low Resolution Card,0,QmbqfDZJydCxeLPtLu8TzXJvR8w2rmv7NAsS2vbX7xPPVe,ipfs,"{https://api.rektangularstudios.com/static/7k9j5m44g2kf/resource/card_low.jpg,ipfs://QmbqfDZJydCxeLPtLu8TzXJvR8w2rmv7NAsS2vbX7xPPVe,sia://PAH-3INg4ot7SLUp_EYHMSTm4JeJO1zzRXRPR81By7tuPA}",image/jpeg
PROD-01F4MK4YKAJ0REHHDY63TTTEWM,Card,High Resolution Card,1,Qmact1VwKTmgJRc2KwhS4r1i6Eo2Drzf3aJnA8SLTxn2Uf,ipfs,"{https://api.rektangularstudios.com/static/7k9j5m44g2kf/resource/card.png,ipfs://Qmact1VwKTmgJRc2KwhS4r1i6Eo2Drzf3aJnA8SLTxn2Uf,sia://AAApanmTw7_Wzso5B6ZVa4W1sFZXJV-DXF5WkKW6LcBcvg}",image/png
PROD-01F4MK4YKAJ0REHHDY63TTTEWM,Artwork,Low Resolution Artwork,0,QmWp6pEEg4vG2eXLgJPuQCjjNqMZPooaEkFk7h7e2uoTpK,ipfs,"{https://api.rektangularstudios.com/static/7k9j5m44g2kf/resource/artwork_low.jpg,ipfs://QmWp6pEEg4vG2eXLgJPuQCjjNqMZPooaEkFk7h7e2uoTpK,sia://XADr8biaznLUGboT3flRvkp8_XHudzhEZb5NCW-xM14ggg}",image/jpeg
PROD-01F4MK4YKAJ0REHHDY63TTTEWM,Artwork,High Resolution Artwork,1,QmYNJb5WNF1cBqdPejF3R5W6PLBAUctxKbLKmH5aZe3bxo,ipfs,"{https://api.rektangularstudios.com/static/7k9j5m44g2kf/resource/artwork.png,ipfs://QmYNJb5WNF1cBqdPejF3R5W6PLBAUctxKbLKmH5aZe3bxo,sia://AACxRuSgzOLJDy2Tx6K78VRCxx_O3jMFvTQuSLiaE_2pwQ}",image/png
PROD-01F4MK4YKAJ0REHHDY63TTTEWM,Video,Video of artwork creation process,0,QmThG7sk3oKNnmBiQmhv1jE1Mwpn2MkukQFMA2PfBteR5R,ipfs,"{https://api.rektangularstudios.com/static/7k9j5m44g2kf/resource/video.mp4,ipfs://QmThG7sk3oKNnmBiQmhv1jE1Mwpn2MkukQFMA2PfBteR5R,sia://AAD_G-MDOF8Kn1MVxyiHP_fX4dY-gRMi1IFI-2jjbvA9FQ}",video/mp4
PROD-01F4MK4YKAJ0REHHDY63TTTEWM,OccultaNovelliaCharacter,Occulta Novellia collectible character information such as stats and moves,0,QmYH1H5giYdSyUHdzVfqUzbEXiqhbhPmhX2Gb6BHhnyAUE,ipfs,"{https://api.rektangularstudios.com/static/7k9j5m44g2kf/resource/character.json,ipfs://QmYH1H5giYdSyUHdzVfqUzbEXiqhbhPmhX2Gb6BHhnyAUE,sia://AABIBjeWIKafnVZkkSXqN3EfE4Q5Cm4Joi-PzDkG1ctSGQ}",application/json
PROD-01F4MK4YVW4JSV717E0XK920AZ,Card,Low Resolution Card,0,QmdeMqXMMx1N13WtpYQhL3StN61iJPgj8koSyPmMEyWru6,ipfs,"{https://api.rektangularstudios.com/static/1tv6m0ebarc5/resource/card_low.jpg,ipfs://QmdeMqXMMx1N13WtpYQhL3StN61iJPgj8koSyPmMEyWru6,sia://XAFiGUnN-eBT2g69AYBrO9ayal0rfJJfg3zuZNSyroxRQQ}",image/jpeg
PROD-01F4MK4YVW4JSV717E0XK920AZ,Card,High Resolution Card,1,QmfKsfARyb4G42ukR8f9p73D6fmUaSuBmewDBhBKnxF2UM,ipfs,"{https://api.rektangularstudios.com/static/1tv6m0ebarc5/resource/card.png,ipfs://QmfKsfARyb4G42ukR8f9p73D6fmUaSuBmewDBhBKnxF2UM,sia://AADtXVjMF7OmZ4xlREk4mrTcHU03RHYfnN6Y-uMJHr5fvw}",image/png
PROD-01F4MK4YVW4JSV717E0XK920AZ,Artwork,Low Resolution Artwork,0,QmSg7Ei9RSFt6kudvKebT6XMNtqrxUgpB9uHCF9MkGt6XN,ipfs,"{https://api.rektangularstudios.com/static/1tv6m0ebarc5/resource/artwork_low.jpg,ipfs://QmSg7Ei9RSFt6kudvKebT6XMNtqrxUgpB9uHCF9MkGt6XN,sia://nACLDCBK3PXz_-xuVvGhNNCf51HIwFXdY3jolC6G8YghZA}",image/jpeg
PROD-01F4MK4YVW4JSV717E0XK920AZ,Artwork,High Resolution Artwork,1,Qme5wA3xFaYEP6kzTroGzyuKCYZNV4eeMSMKzT9B5sSiJA,ipfs,"{https://api.rektangularstudios.com/static/1tv6m0ebarc5/resource/artwork.png,ipfs://Qme5wA3xFaYEP6kzTroGzyuKCYZNV4eeMSMKzT9B5sSiJA,sia://AAC2ZT95v6K2BXomoDX6FP6KWMfO6ZgP2Lf20gWe-mC9mw}",image/png
PROD-01F4MK4YVW4JSV717E0XK920AZ,Video,Video of artwork creation process,0,QmX53x1ngZ9X2nXWX7n6DBNr91epJXbg6M1MgqyMgaAThP,ipfs,"{https://api.rektangularstudios.com/static/1tv6m0ebarc5/resource/video.mp4,ipfs://QmX53x1ngZ9X2nXWX7n6DBNr91epJXbg6M1MgqyMgaAThP,sia://AACT74a2MPknxcc3HaczlD6TsWRaLGo_3W_4BT0Mm2iM3g}",video/mp4
PROD-01F4MK4YVW4JSV717E0XK920AZ,OccultaNovelliaCharacter,Occulta Novellia collectible character information such as stats and moves,0,QmUV3ypFT3NovDde4QqhiFJDogNDs3nKogbMY4GzTFpF8p,ipfs,"{https://api.rektangularstudios.com/static/1tv6m0ebarc5/resource/character.json,ipfs://QmUV3ypFT3NovDde4QqhiFJDogNDs3nKogbMY4GzTFpF8p,sia://AADhZVXx_UM-n_Vk2UlC-fpCJ5MLH-nYOVzbKUxZiSuHKQ}",application/json
PROD-01F4MK4Z489EBKGGFXA2HKZ1MA,Card,Low Resolution Card,0,QmSeSYSRVeMMuiX3xxBNPANB9v3bMMu54MTfEFnGkFq3Ho,ipfs,"{https://api.rektangularstudios.com/static/fndrm9lug64t/resource/card_low.jpg,ipfs://QmSeSYSRVeMMuiX3xxBNPANB9v3bMMu54MTfEFnGkFq3Ho,sia://vACMddrdB5SaQ3YqW-IMAEtX3vGF6dNKskVBpdNVJ-xHng}",image/jpeg
PROD-01F4MK4Z489EBKGGFXA2HKZ1MA,Card,High Resolution Card,1,QmTWbU2nwLqC1rkQN9ym39UKtth9s9f5zzJkpqGtNctBNo,ipfs,"{https://api.rektangularstudios.com/static/fndrm9lug64t/resource/card.png,ipfs://QmTWbU2nwLqC1rkQN9ym39UKtth9s9f5zzJkpqGtNctBNo,sia://AAAyLyPuVTv29BA6Wfhn-7-Rn4B_k6TxoFvSeZogm25diA}",image/png
PROD-01F4MK4Z489EBKGGFXA2HKZ1MA,Artwork,Low Resolution Artwork,0,QmXj7KsNCi8Gegzt35vp3Rz2QH1SCCjNmRBDH7MkXEYmU2,ipfs,"{https://api.rektangularstudios.com/static/fndrm9lug64t/resource/artwork_low.jpg,ipfs://QmXj7KsNCi8Gegzt35vp3Rz2QH1SCCjNmRBDH7MkXEYmU2,sia://rABg7xdNtTSyJy4rvbSdwRPKXdgBy_-aQA1eRH3ATkrGqQ}",image/jpeg
PROD-01F4MK4Z489EBKGGFXA2HKZ1MA,Artwork,High Resolution Artwork,1,QmcHFTzACkQCp451FQ5KSvwhdPbmyV5Uv1NQ4LZNCLcZKw,ipfs,"{https://api.rektangularstudios.com/static/fndrm9lug64t/resource/artwork.png,ipfs://QmcHFTzACkQCp451FQ5KSvwhdPbmyV5Uv1NQ4LZNCLcZKw,sia://AADfi33qPVX2M-XFnGdeLfIdI5Dt763B10qD-GgTFK8tWg}",image/png
PROD-01F4MK4Z489EBKGGFXA2HKZ1MA,Video,Video of artwork creation process,0,QmRJkx1QFv6SkfWNfw3B1Sr9H1zekNxAEcqM2zvo46NAS7,ipfs,"{https://api.rektangularstudios.com/static/fndrm9lug64t/resource/video.mp4,ipfs://QmRJkx1QFv6SkfWNfw3B1Sr9H1zekNxAEcqM2zvo46NAS7,sia://AADzgkjqI6ob7EFfapar1slQraKbsJsS78NBYt37s9pUWQ}",video/mp4
PROD-01F4MK4Z489EBKGGFXA2HKZ1MA,OccultaNovelliaCharacter,Occulta Novellia collectible character information such as stats and moves,0,Qmead6ypwNpvPiPBq8S21npfNH7rZZr4G4kvwQpaUGn1kS,ipfs,"{https://api.rektangularstudios.com/static/fndrm9lug64t/resource/character.json,ipfs://Qmead6ypwNpvPiPBq8S21npfNH7rZZr4G4kvwQpaUGn1kS,sia://AADOLaSe0MyksgWb3Jd3Sn7qMIJ-X0wUFo1Ye-QkL6lMHA}",application/json
PROD-01F4MK4ZCVTKAAZF1QZAPWMPFP,Card,Low Resolution Card,0,QmfSUuzaQz6HUqUE6s3XA5QYBppqdF3v5TeNoyz8PYtwmL,ipfs,"{https://api.rektangularstudios.com/static/fv1qxxcvn9jm/resource/card_low.jpg,ipfs://QmfSUuzaQz6HUqUE6s3XA5QYBppqdF3v5TeNoyz8PYtwmL,sia://vAHD1-LjpIKJcEp0S6s_aDb3ZoGiQt8UtLKqTwX-u9NhlQ}",image/jpeg
PROD-01F4MK4ZCVTKAAZF1QZAPWMPFP,Card,High Resolution Card,1,QmPxet1ihRK6qAd4WBcjh83GV18A9neKQkYy8sfiJJfyzw,ipfs,"{https://api.rektangularstudios.com/static/fv1qxxcvn9jm/resource/card.png,ipfs://QmPxet1ihRK6qAd4WBcjh83GV18A9neKQkYy8sfiJJfyzw,sia://AAC9Ipff3HYiv5poBM7V-LprbgM7i9jy2mhRb3eoKTB1qQ}",image/png
PROD-01F4MK4ZCVTKAAZF1QZAPWMPFP,Artwork,Low Resolution Artwork,0,QmSbUobZqzG18R14NHzXjHySQS82Bc6dBYBFJbK6q4rEe5,ipfs,"{https://api.rektangularstudios.com/static/fv1qxxcvn9jm/resource/artwork_low.jpg,ipfs://QmSbUobZqzG18R14NHzXjHySQS82Bc6dBYBFJbK6q4rEe5,sia://7AAFFuhfnOx4Of_QMVJprg7GbS6jBCqzrjXHGD6rdTZzeg}",image/jpeg
PROD-01F4MK4ZCVTKAAZF1QZAPWMPFP,Artwork,High Resolution Artwork,1,QmTkKspqP2qnt61AQmhG2WFUVsNtL3sJaJeLkE7xqFfo4L,ipfs,"{https://api.rektangularstudios.com/static/fv1qxxcvn9jm/resource/artwork.png,ipfs://QmTkKspqP2qnt61AQmhG2WFUVsNtL3sJaJeLkE7xqFfo4L,sia://AACC7eAQFFjZ4bpgIZAxZCL0pd-oZEpGWxVjDKvyUX6pBg}",image/png
PROD-01F4MK4ZCVTKAAZF1QZAPWMPFP,Video,Video of artwork creation process,0,QmWhUXhyKMXPEYE4APbAjFJMEE2R9Ai2S2koXnfy5bq7Mn,ipfs,"{https://api.rektangularstudios.com/static/fv1qxxcvn9jm/resource/video.mp4,ipfs://QmWhUXhyKMXPEYE4APbAjFJMEE2R9Ai2S2koXnfy5bq7Mn,sia://AAD0L99hQuOr8mKRdvoKJpf6qN--XdralXlEjkNEiIiBFw}",video/mp4
PROD-01F4MK4ZCVTKAAZF1QZAPWMPFP,OccultaNovelliaCharacter,Occulta Novellia collectible character information such as stats and moves,0,QmaPpQwd3rPghuwtdDCfrMsajfiVN2xtnjRGCjN6cF6eNG,ipfs,"{https://api.rektangularstudios.com/static/fv1qxxcvn9jm/resource/character.json,ipfs://QmaPpQwd3rPghuwtdDCfrMsajfiVN2xtnjRGCjN6cF6eNG,sia://AAAj0m2ncWkU47jaNcM-0bc3BEx7Cx0jrkrvnoUO7rwD-A}",application/json
PROD-01F4MK4ZNC8FMVR2ANHDW9E1N4,Card,Low Resolution Card,0,QmYZSynwoFpdZUGeAug6mH15jvnt3nb4rE8PgqenXpsVbg,ipfs,"{https://api.rektangularstudios.com/static/dqri86f1cqtj/resource/card_low.jpg,ipfs://QmYZSynwoFpdZUGeAug6mH15jvnt3nb4rE8PgqenXpsVbg,https://siasky.net/PAGYBlBaTEIwAAstEUnGH-yDWUBCBHU4I_o8iBKSnjt2Ww}",image/jpeg
PROD-01F4MK4ZNC8FMVR2ANHDW9E1N4,Card,High Resolution Card,1,QmZWjHBvScumvxuHVPAdkbriVvKpzKwDkKrvQuqrUqgdYM,ipfs,"{https://api.rektangularstudios.com/static/dqri86f1cqtj/resource/card.png,ipfs://QmZWjHBvScumvxuHVPAdkbriVvKpzKwDkKrvQuqrUqgdYM,sia://AADHRtwrnbU_eKUyVVkOHo8tcwz3QCocfarLZjvt_vBHuQ}",image/png
PROD-01F4MK4ZNC8FMVR2ANHDW9E1N4,Artwork,Low Resolution Artwork,0,QmS4MVyTRMGZzy6iCiMf2Qxt52PZxoc3uswwYVstNXGqAV,ipfs,"{https://api.rektangularstudios.com/static/dqri86f1cqtj/resource/artwork_low.jpg,ipfs://QmS4MVyTRMGZzy6iCiMf2Qxt52PZxoc3uswwYVstNXGqAV,sia://rABh1KnpJMct9boyGCqAMuZt6jr5MvK87MOT0pSAbbHqbQ}",image/jpeg
PROD-01F4MK4ZNC8FMVR2ANHDW9E1N4,Artwork,High Resolution Artwork,1,QmVMGJK55JYzPo88HC9C3ZfYXDa15gTpS4vuEyiBcvVvvF,ipfs,"{https://api.rektangularstudios.com/static/dqri86f1cqtj/resource/artwork.png,ipfs://QmVMGJK55JYzPo88HC9C3ZfYXDa15gTpS4vuEyiBcvVvvF,sia://AABKBTMXPpYRCOqakdTKa3JJfwyGfkOvJL7U-hYYtrjgCw}",image/png
PROD-01F4MK4ZNC8FMVR2ANHDW9E1N4,OccultaNovelliaCharacter,Occulta Novellia collectible character information such as stats and moves,0,QmcQpbCHiGK4ictcppCmPbZXTTPW2tkiusth8xzd1qoieV,ipfs,"{https://api.rektangularstudios.com/static/dqri86f1cqtj/resource/character.json,ipfs://QmcQpbCHiGK4ictcppCmPbZXTTPW2tkiusth8xzd1qoieV,sia://AAAHC0iUjqS3SowoevTtmi7hi5TLzzj4valmX9fztItG2Q}",application/json
PROD-01F4MK4ZYC6P9EGG4W0DNFQTWS,Card,Low Resolution Card,0,QmZ43MdtaZ98CHUcgS16mhjdm9CkVnRduMjmbFLR6tXiyv,ipfs,"{https://api.rektangularstudios.com/static/5o285q0f9dqz/resource/card_low.jpg,ipfs://QmZ43MdtaZ98CHUcgS16mhjdm9CkVnRduMjmbFLR6tXiyv,sia://PAFIkGTYhJrCzUFNxfSkIMF_nfoeI9M1myRk2_3ZO3p1cQ}",image/jpeg
PROD-01F4MK4ZYC6P9EGG4W0DNFQTWS,Card,High Resolution Card,1,QmRHEcVudUTAegNRCXdmBq3a3WkkngTZRxbG6jsXJxBMgf,ipfs,"{https://api.rektangularstudios.com/static/5o285q0f9dqz/resource/card.png,ipfs://QmRHEcVudUTAegNRCXdmBq3a3WkkngTZRxbG6jsXJxBMgf,sia://AADz5maASFMkF0Pn4xsRvnwEWMdkThRzqGzRmMq519a6Gw}",image/png
PROD-01F4MK4ZYC6P9EGG4W0DNFQTWS,Artwork,Low Resolution Artwork,0,QmXGjUZA6tEf3PWdmADfeJVEQnP7GkWLwE8zxxxta1Apix,ipfs,"{https://api.rektangularstudios.com/static/5o285q0f9dqz/resource/artwork_low.jpg,ipfs://QmXGjUZA6tEf3PWdmADfeJVEQnP7GkWLwE8zxxxta1Apix,sia://DAC0wCeCbkh7Rz2EZKr7A2XyqLiu9lXDkZsuSvrmjk8-Zg}",image/jpeg
PROD-01F4MK4ZYC6P9EGG4W0DNFQTWS,Artwork,High Resolution Artwork,1,QmR66RnBEFAmKLhWRTm1iM6C1RwJP6C1mwrr9L5jrDqG1N,ipfs,"{https://api.rektangularstudios.com/static/5o285q0f9dqz/resource/artwork.png,ipfs://QmR66RnBEFAmKLhWRTm1iM6C1RwJP6C1mwrr9L5jrDqG1N,sia://AADZ3VYVgJUBS3lwLdGPPaO6GTJy-_TZgGvtgLL55uHetA}",image/png
PROD-01F4MK4ZYC6P9EGG4W0DNFQTWS,Video,Video of artwork creation process,0,QmXK4xgR28JuU7f743wuxQVEvx8ngFMNW5fSK1F1zmCGff,ipfs,"{https://api.rektangularstudios.com/static/5o285q0f9dqz/resource/video.mp4,ipfs://QmXK4xgR28JuU7f743wuxQVEvx8ngFMNW5fSK1F1zmCGff,sia://AACG819Y6AmMRxrrVTWfugSZCGMSZTM9MJr05buVNTOrrQ}",video/mp4
PROD-01F4MK4ZYC6P9EGG4W0DNFQTWS,OccultaNovelliaCharacter,Occulta Novellia collectible character information such as stats and moves,0,QmWNRP42LrEW1xXb2ziiMeMXjBvrX3RBN5iW4VP8ESapCR,ipfs,"{https://api.rektangularstudios.com/static/5o285q0f9dqz/resource/character.json,ipfs://QmWNRP42LrEW1xXb2ziiMeMXjBvrX3RBN5iW4VP8ESapCR,sia://AABIATywB4GOmny5PVmDY2GMih74X576Zs5SWborkMCGEA}",application/json
PROD-01F5YTNB4BSBKPGRKHVHEM9F0F,Card,Low Resolution Card,0,QmUZCkZ8FEzrYxCVgYQ82MsZWTb7HEHXbhA5Cd6DW4kn7r,ipfs,"{https://api.rektangularstudios.com/static/4y85a32w00dk/resource/card_low.jpg,ipfs://QmUZCkZ8FEzrYxCVgYQ82MsZWTb7HEHXbhA5Cd6DW4kn7r}",image/jpeg
PROD-01F5YTNB4BSBKPGRKHVHEM9F0F,Card,High Resolution Card,1,QmTk7X4X9NNJWwrURGcuC2Q4zLsM8MpLUcMjRTpEvh8gyn,ipfs,"{https://api.rektangularstudios.com/static/4y85a32w00dk/resource/card.png,ipfs://QmTk7X4X9NNJWwrURGcuC2Q4zLsM8MpLUcMjRTpEvh8gyn}",image/png
PROD-01F4NAFJCAG5JDEGMR0XQARBW2,Card,Low Resolution Card,0,QmPFJ1mvxCnwQKGqbiMixKcppz8Mr2cneNu7DcwhKq58qc,ipfs,"{https://api.rektangularstudios.com/static/xzxjafhz8qez/resource/card_low.jpg,ipfs://QmPFJ1mvxCnwQKGqbiMixKcppz8Mr2cneNu7DcwhKq58qc}",image/jpeg
PROD-01F4NAFJCAG5JDEGMR0XQARBW2,Card,High Resolution Card,1,QmcKvBCTJrxUocoLX4EDKd95uFLBCTSMFN3KP2w3enVf4a,ipfs,"{https://api.rektangularstudios.com/static/xzxjafhz8qez/resource/card.png,ipfs://QmcKvBCTJrxUocoLX4EDKd95uFLBCTSMFN3KP2w3enVf4a}",image/png
PROD-01F4NAF8MANXDT26MGA5E0QXNJ,Card,Low Resolution Card,0,QmfXyVMz5oytZwrqT9ZCJRHpnY4HZQM1ZgnUPR4pR8qoSp,ipfs,"{https://api.rektangularstudios.com/static/iwqw13wtrnqj/resource/card_low.jpg,ipfs://QmfXyVMz5oytZwrqT9ZCJRHpnY4HZQM1ZgnUPR4pR8qoSp}",image/jpeg
PROD-01F4NAF8MANXDT26MGA5E0QXNJ,Card,High Resolution Card,1,QmThb6PPKBDP7eRPG8gpgdRBH5Lx3bXV6ngVAFeHVniG3E,ipfs,"{https://api.rektangularstudios.com/static/iwqw13wtrnqj/resource/card.png,ipfs://QmThb6PPKBDP7eRPG8gpgdRBH5Lx3bXV6ngVAFeHVniG3E}",image/png
